Node_name,Node_type,Node_color
A1BG,Prot,#CC0000
AAMDC,Prot,#CC0000
AARSD1,Prot,#CC0000
ABHD14B,Prot,#CC0000
ABL1,Prot,#CC0000
ABO,Prot,#CC0000
ACAA1,Prot,#CC0000
ACADSB,Prot,#CC0000
ACAN,Prot,#CC0000
ACE,Prot,#CC0000
ACE2,Prot,#CC0000
ACHE,Prot,#CC0000
ACOT13,Prot,#CC0000
ACOX1,Prot,#CC0000
ACP1,Prot,#CC0000
ACP5,Prot,#CC0000
ACP6,Prot,#CC0000
ACRBP,Prot,#CC0000
ACRV1,Prot,#CC0000
ACTA2,Prot,#CC0000
ACVRL1,Prot,#CC0000
ACY1,Prot,#CC0000
ACYP1,Prot,#CC0000
ADA,Prot,#CC0000
ADA2,Prot,#CC0000
ADAM12,Prot,#CC0000
ADAM15,Prot,#CC0000
ADAM22,Prot,#CC0000
ADAM23,Prot,#CC0000
ADAM8,Prot,#CC0000
ADAM9,Prot,#CC0000
ADAMTS1,Prot,#CC0000
ADAMTS13,Prot,#CC0000
ADAMTS15,Prot,#CC0000
ADAMTS16,Prot,#CC0000
ADAMTS4,Prot,#CC0000
ADAMTS8,Prot,#CC0000
ADAMTSL2,Prot,#CC0000
ADAMTSL4,Prot,#CC0000
ADAMTSL5,Prot,#CC0000
ADCYAP1R1,Prot,#CC0000
ADD1,Prot,#CC0000
ADGRB3,Prot,#CC0000
ADGRD1,Prot,#CC0000
ADGRE1,Prot,#CC0000
ADGRE2,Prot,#CC0000
ADGRE5,Prot,#CC0000
ADGRF5,Prot,#CC0000
ADGRG2,Prot,#CC0000
ADH1B,Prot,#CC0000
ADH4,Prot,#CC0000
ADIPOQ,Prot,#CC0000
ADM,Prot,#CC0000
AFAP1,Prot,#CC0000
AFM,Prot,#CC0000
AFP,Prot,#CC0000
AGER,Prot,#CC0000
AGR2,Prot,#CC0000
AGR3,Prot,#CC0000
AGRN,Prot,#CC0000
AGRP,Prot,#CC0000
AGXT,Prot,#CC0000
AHCY,Prot,#CC0000
AHNAK,Prot,#CC0000
AHNAK2,Prot,#CC0000
AHSG,Prot,#CC0000
AHSP,Prot,#CC0000
AIF1,Prot,#CC0000
AIFM1,Prot,#CC0000
AK1,Prot,#CC0000
AK2,Prot,#CC0000
AKAP12,Prot,#CC0000
AKR1B1,Prot,#CC0000
AKR7L,Prot,#CC0000
AKT1S1,Prot,#CC0000
AKT2,Prot,#CC0000
AKT3,Prot,#CC0000
ALCAM,Prot,#CC0000
ALDH1A1,Prot,#CC0000
ALDH3A1,Prot,#CC0000
ALDH5A1,Prot,#CC0000
ALPI,Prot,#CC0000
ALPP,Prot,#CC0000
AMBN,Prot,#CC0000
AMBP,Prot,#CC0000
AMDHD2,Prot,#CC0000
AMFR,Prot,#CC0000
AMIGO2,Prot,#CC0000
AMN,Prot,#CC0000
AMOT,Prot,#CC0000
AMPD3,Prot,#CC0000
AMY2A,Prot,#CC0000
AMY2B,Prot,#CC0000
ANG,Prot,#CC0000
ANGPT1,Prot,#CC0000
ANGPT2,Prot,#CC0000
ANGPTL1,Prot,#CC0000
ANGPTL2,Prot,#CC0000
ANGPTL3,Prot,#CC0000
ANGPTL4,Prot,#CC0000
ANGPTL7,Prot,#CC0000
ANKMY2,Prot,#CC0000
ANKRD54,Prot,#CC0000
ANPEP,Prot,#CC0000
ANXA1,Prot,#CC0000
ANXA10,Prot,#CC0000
ANXA11,Prot,#CC0000
ANXA3,Prot,#CC0000
ANXA4,Prot,#CC0000
ANXA5,Prot,#CC0000
AOC3,Prot,#CC0000
AP1G2,Prot,#CC0000
AP2B1,Prot,#CC0000
AP3B1,Prot,#CC0000
AP3S2,Prot,#CC0000
APBB1IP,Prot,#CC0000
APCS,Prot,#CC0000
APEX1,Prot,#CC0000
APLP1,Prot,#CC0000
APOA1,Prot,#CC0000
APOA2,Prot,#CC0000
APOA4,Prot,#CC0000
APOB,Prot,#CC0000
APOBR,Prot,#CC0000
APOC1,Prot,#CC0000
APOE,Prot,#CC0000
APOH,Prot,#CC0000
APOM,Prot,#CC0000
APP,Prot,#CC0000
APPL2,Prot,#CC0000
APRT,Prot,#CC0000
ARAF,Prot,#CC0000
AREG,Prot,#CC0000
ARF6,Prot,#CC0000
ARFIP1,Prot,#CC0000
ARG1,Prot,#CC0000
ARHGAP1,Prot,#CC0000
ARHGAP25,Prot,#CC0000
ARHGAP45,Prot,#CC0000
ARHGEF1,Prot,#CC0000
ARHGEF10,Prot,#CC0000
ARHGEF12,Prot,#CC0000
ARNT,Prot,#CC0000
ARSA,Prot,#CC0000
ARSB,Prot,#CC0000
ART3,Prot,#CC0000
ASAH1,Prot,#CC0000
ASAH2,Prot,#CC0000
ASGR1,Prot,#CC0000
ASGR2,Prot,#CC0000
ASPN,Prot,#CC0000
ASPSCR1,Prot,#CC0000
ASRGL1,Prot,#CC0000
ATG16L1,Prot,#CC0000
ATG4A,Prot,#CC0000
ATOX1,Prot,#CC0000
ATP5IF1,Prot,#CC0000
ATP5PO,Prot,#CC0000
ATP6AP2,Prot,#CC0000
ATP6V1D,Prot,#CC0000
ATP6V1F,Prot,#CC0000
ATP6V1G1,Prot,#CC0000
ATRAID,Prot,#CC0000
ATRN,Prot,#CC0000
ATXN10,Prot,#CC0000
ATXN2L,Prot,#CC0000
ATXN3,Prot,#CC0000
AXIN1,Prot,#CC0000
AXL,Prot,#CC0000
AZI2,Prot,#CC0000
AZU1,Prot,#CC0000
B2M,Prot,#CC0000
B3GNT7,Prot,#CC0000
B4GALT1,Prot,#CC0000
B4GAT1,Prot,#CC0000
BABAM1,Prot,#CC0000
BACH1,Prot,#CC0000
BAG3,Prot,#CC0000
BAG4,Prot,#CC0000
BAG6,Prot,#CC0000
BAIAP2,Prot,#CC0000
BAMBI,Prot,#CC0000
BANK1,Prot,#CC0000
BAP18,Prot,#CC0000
BAX,Prot,#CC0000
BCAM,Prot,#CC0000
BCAN,Prot,#CC0000
BCAT1,Prot,#CC0000
BCHE,Prot,#CC0000
BCL2L1,Prot,#CC0000
BCL2L11,Prot,#CC0000
BCL2L15,Prot,#CC0000
BCR,Prot,#CC0000
BDNF,Prot,#CC0000
BECN1,Prot,#CC0000
BGLAP,Prot,#CC0000
BGN,Prot,#CC0000
BID,Prot,#CC0000
BIN2,Prot,#CC0000
BIRC2,Prot,#CC0000
BLMH,Prot,#CC0000
BLNK,Prot,#CC0000
BLOC1S3,Prot,#CC0000
BLVRB,Prot,#CC0000
BMP10,Prot,#CC0000
BMP4,Prot,#CC0000
BMP6,Prot,#CC0000
BMPER,Prot,#CC0000
BNIP2,Prot,#CC0000
BNIP3L,Prot,#CC0000
BOC,Prot,#CC0000
BOLA2_BOLA2B,Prot,#CC0000
BPIFB1,Prot,#CC0000
BPIFB2,Prot,#CC0000
BRAP,Prot,#CC0000
BRD1,Prot,#CC0000
BRK1,Prot,#CC0000
BRSK2,Prot,#CC0000
BSG,Prot,#CC0000
BST2,Prot,#CC0000
BTC,Prot,#CC0000
BTD,Prot,#CC0000
BTN2A1,Prot,#CC0000
BTN3A2,Prot,#CC0000
C1QA,Prot,#CC0000
C1QL2,Prot,#CC0000
C1QTNF1,Prot,#CC0000
C1QTNF5,Prot,#CC0000
C1QTNF6,Prot,#CC0000
C1QTNF9,Prot,#CC0000
C1R,Prot,#CC0000
C1RL,Prot,#CC0000
C1S,Prot,#CC0000
C2CD2L,Prot,#CC0000
C2orf69,Prot,#CC0000
C4BPB,Prot,#CC0000
C5,Prot,#CC0000
C7,Prot,#CC0000
C7orf50,Prot,#CC0000
C8B,Prot,#CC0000
C9,Prot,#CC0000
C9orf40,Prot,#CC0000
CA1,Prot,#CC0000
CA12,Prot,#CC0000
CA13,Prot,#CC0000
CA14,Prot,#CC0000
CA2,Prot,#CC0000
CA3,Prot,#CC0000
CA4,Prot,#CC0000
CA5A,Prot,#CC0000
CA6,Prot,#CC0000
CA7,Prot,#CC0000
CA9,Prot,#CC0000
CACNB3,Prot,#CC0000
CACYBP,Prot,#CC0000
CALB1,Prot,#CC0000
CALB2,Prot,#CC0000
CALCA,Prot,#CC0000
CALCB,Prot,#CC0000
CALCOCO1,Prot,#CC0000
CALCOCO2,Prot,#CC0000
CAMKK1,Prot,#CC0000
CAMLG,Prot,#CC0000
CAMSAP1,Prot,#CC0000
CANT1,Prot,#CC0000
CAPG,Prot,#CC0000
CARHSP1,Prot,#CC0000
CASC3,Prot,#CC0000
CASP1,Prot,#CC0000
CASP10,Prot,#CC0000
CASP2,Prot,#CC0000
CASP3,Prot,#CC0000
CASP4,Prot,#CC0000
CASP7,Prot,#CC0000
CASP8,Prot,#CC0000
CASP9,Prot,#CC0000
CAT,Prot,#CC0000
CBLIF,Prot,#CC0000
CBLN4,Prot,#CC0000
CBS,Prot,#CC0000
CC2D1A,Prot,#CC0000
CCDC134,Prot,#CC0000
CCDC28A,Prot,#CC0000
CCDC80,Prot,#CC0000
CCER2,Prot,#CC0000
CCL11,Prot,#CC0000
CCL13,Prot,#CC0000
CCL14,Prot,#CC0000
CCL15,Prot,#CC0000
CCL16,Prot,#CC0000
CCL17,Prot,#CC0000
CCL18,Prot,#CC0000
CCL2,Prot,#CC0000
CCL20,Prot,#CC0000
CCL21,Prot,#CC0000
CCL22,Prot,#CC0000
CCL23,Prot,#CC0000
CCL24,Prot,#CC0000
CCL25,Prot,#CC0000
CCL26,Prot,#CC0000
CCL27,Prot,#CC0000
CCL28,Prot,#CC0000
CCL3,Prot,#CC0000
CCL5,Prot,#CC0000
CCL7,Prot,#CC0000
CCL8,Prot,#CC0000
CCN1,Prot,#CC0000
CCN2,Prot,#CC0000
CCN3,Prot,#CC0000
CCN4,Prot,#CC0000
CCN5,Prot,#CC0000
CCND2,Prot,#CC0000
CCS,Prot,#CC0000
CCT5,Prot,#CC0000
CD101,Prot,#CC0000
CD109,Prot,#CC0000
CD14,Prot,#CC0000
CD160,Prot,#CC0000
CD163,Prot,#CC0000
CD164,Prot,#CC0000
CD164L2,Prot,#CC0000
CD177,Prot,#CC0000
CD1C,Prot,#CC0000
CD200,Prot,#CC0000
CD200R1,Prot,#CC0000
CD207,Prot,#CC0000
CD209,Prot,#CC0000
CD22,Prot,#CC0000
CD226,Prot,#CC0000
CD244,Prot,#CC0000
CD248,Prot,#CC0000
CD27,Prot,#CC0000
CD274,Prot,#CC0000
CD276,Prot,#CC0000
CD28,Prot,#CC0000
CD2AP,Prot,#CC0000
CD300A,Prot,#CC0000
CD300C,Prot,#CC0000
CD300E,Prot,#CC0000
CD300LF,Prot,#CC0000
CD300LG,Prot,#CC0000
CD302,Prot,#CC0000
CD33,Prot,#CC0000
CD34,Prot,#CC0000
CD36,Prot,#CC0000
CD38,Prot,#CC0000
CD3E,Prot,#CC0000
CD4,Prot,#CC0000
CD40,Prot,#CC0000
CD40LG,Prot,#CC0000
CD46,Prot,#CC0000
CD48,Prot,#CC0000
CD5,Prot,#CC0000
CD55,Prot,#CC0000
CD58,Prot,#CC0000
CD59,Prot,#CC0000
CD5L,Prot,#CC0000
CD6,Prot,#CC0000
CD63,Prot,#CC0000
CD69,Prot,#CC0000
CD70,Prot,#CC0000
CD72,Prot,#CC0000
CD74,Prot,#CC0000
CD79B,Prot,#CC0000
CD80,Prot,#CC0000
CD83,Prot,#CC0000
CD84,Prot,#CC0000
CD86,Prot,#CC0000
CD8A,Prot,#CC0000
CD93,Prot,#CC0000
CD99,Prot,#CC0000
CD99L2,Prot,#CC0000
CDA,Prot,#CC0000
CDAN1,Prot,#CC0000
CDC26,Prot,#CC0000
CDC27,Prot,#CC0000
CDC37,Prot,#CC0000
CDC42BPB,Prot,#CC0000
CDCP1,Prot,#CC0000
CDH1,Prot,#CC0000
CDH15,Prot,#CC0000
CDH17,Prot,#CC0000
CDH2,Prot,#CC0000
CDH22,Prot,#CC0000
CDH23,Prot,#CC0000
CDH3,Prot,#CC0000
CDH5,Prot,#CC0000
CDH6,Prot,#CC0000
CDHR1,Prot,#CC0000
CDHR2,Prot,#CC0000
CDHR5,Prot,#CC0000
CDK5RAP3,Prot,#CC0000
CDKN1A,Prot,#CC0000
CDKN2D,Prot,#CC0000
CDNF,Prot,#CC0000
CDON,Prot,#CC0000
CDSN,Prot,#CC0000
CEACAM1,Prot,#CC0000
CEACAM16,Prot,#CC0000
CEACAM19,Prot,#CC0000
CEACAM20,Prot,#CC0000
CEACAM21,Prot,#CC0000
CEACAM3,Prot,#CC0000
CEACAM5,Prot,#CC0000
CEACAM6,Prot,#CC0000
CEACAM8,Prot,#CC0000
CEBPB,Prot,#CC0000
CELA2A,Prot,#CC0000
CELA3A,Prot,#CC0000
CELSR2,Prot,#CC0000
CEMIP2,Prot,#CC0000
CENPF,Prot,#CC0000
CEP170,Prot,#CC0000
CEP20,Prot,#CC0000
CEP43,Prot,#CC0000
CEP85,Prot,#CC0000
CERT,Prot,#CC0000
CES1,Prot,#CC0000
CES2,Prot,#CC0000
CES3,Prot,#CC0000
CETN2,Prot,#CC0000
CETN3,Prot,#CC0000
CFB,Prot,#CC0000
CFC1,Prot,#CC0000
CFD,Prot,#CC0000
CFHR2,Prot,#CC0000
CFHR4,Prot,#CC0000
CFHR5,Prot,#CC0000
CFI,Prot,#CC0000
CFP,Prot,#CC0000
CGA,Prot,#CC0000
CGB3_CGB5_CGB8,Prot,#CC0000
CGREF1,Prot,#CC0000
CHAC2,Prot,#CC0000
CHAD,Prot,#CC0000
CHCHD10,Prot,#CC0000
CHCHD6,Prot,#CC0000
CHEK2,Prot,#CC0000
CHGB,Prot,#CC0000
CHI3L1,Prot,#CC0000
CHL1,Prot,#CC0000
CHM,Prot,#CC0000
CHMP1A,Prot,#CC0000
CHMP6,Prot,#CC0000
CHRDL1,Prot,#CC0000
CHRDL2,Prot,#CC0000
CIAPIN1,Prot,#CC0000
CILP,Prot,#CC0000
CIRBP,Prot,#CC0000
CIT,Prot,#CC0000
CKAP4,Prot,#CC0000
CKB,Prot,#CC0000
CKMT1A_CKMT1B,Prot,#CC0000
CLC,Prot,#CC0000
CLEC10A,Prot,#CC0000
CLEC11A,Prot,#CC0000
CLEC12A,Prot,#CC0000
CLEC14A,Prot,#CC0000
CLEC1A,Prot,#CC0000
CLEC1B,Prot,#CC0000
CLEC3B,Prot,#CC0000
CLEC4A,Prot,#CC0000
CLEC4C,Prot,#CC0000
CLEC4D,Prot,#CC0000
CLEC4G,Prot,#CC0000
CLEC4M,Prot,#CC0000
CLEC5A,Prot,#CC0000
CLEC6A,Prot,#CC0000
CLEC7A,Prot,#CC0000
CLGN,Prot,#CC0000
CLIC5,Prot,#CC0000
CLIP2,Prot,#CC0000
CLMP,Prot,#CC0000
CLNS1A,Prot,#CC0000
CLPP,Prot,#CC0000
CLPS,Prot,#CC0000
CLSTN1,Prot,#CC0000
CLSTN2,Prot,#CC0000
CLSTN3,Prot,#CC0000
CLTA,Prot,#CC0000
CLUL1,Prot,#CC0000
CMC1,Prot,#CC0000
CMIP,Prot,#CC0000
CNDP1,Prot,#CC0000
CNP,Prot,#CC0000
CNPY4,Prot,#CC0000
CNST,Prot,#CC0000
CNTN1,Prot,#CC0000
CNTN2,Prot,#CC0000
CNTN3,Prot,#CC0000
CNTN4,Prot,#CC0000
CNTN5,Prot,#CC0000
CNTNAP2,Prot,#CC0000
COCH,Prot,#CC0000
COL15A1,Prot,#CC0000
COL18A1,Prot,#CC0000
COL1A1,Prot,#CC0000
COL24A1,Prot,#CC0000
COL28A1,Prot,#CC0000
COL2A1,Prot,#CC0000
COL3A1,Prot,#CC0000
COL4A1,Prot,#CC0000
COL4A4,Prot,#CC0000
COL5A1,Prot,#CC0000
COL6A3,Prot,#CC0000
COL9A1,Prot,#CC0000
COL9A2,Prot,#CC0000
COLEC12,Prot,#CC0000
COMMD1,Prot,#CC0000
COMMD9,Prot,#CC0000
COMP,Prot,#CC0000
COMT,Prot,#CC0000
CORO1A,Prot,#CC0000
COX5B,Prot,#CC0000
COX6B1,Prot,#CC0000
CPA1,Prot,#CC0000
CPA2,Prot,#CC0000
CPB1,Prot,#CC0000
CPB2,Prot,#CC0000
CPE,Prot,#CC0000
CPM,Prot,#CC0000
CPOX,Prot,#CC0000
CPPED1,Prot,#CC0000
CPQ,Prot,#CC0000
CPVL,Prot,#CC0000
CPXM1,Prot,#CC0000
CPXM2,Prot,#CC0000
CR1,Prot,#CC0000
CR2,Prot,#CC0000
CRACR2A,Prot,#CC0000
CRADD,Prot,#CC0000
CREG1,Prot,#CC0000
CRELD1,Prot,#CC0000
CRELD2,Prot,#CC0000
CRH,Prot,#CC0000
CRHBP,Prot,#CC0000
CRIM1,Prot,#CC0000
CRIP2,Prot,#CC0000
CRISP2,Prot,#CC0000
CRISP3,Prot,#CC0000
CRKL,Prot,#CC0000
CRLF1,Prot,#CC0000
CRNN,Prot,#CC0000
CRTAC1,Prot,#CC0000
CRTAM,Prot,#CC0000
CRYBB1,Prot,#CC0000
CRYGD,Prot,#CC0000
CRYZL1,Prot,#CC0000
CSF1,Prot,#CC0000
CSF1R,Prot,#CC0000
CSF2RA,Prot,#CC0000
CSF2RB,Prot,#CC0000
CSF3,Prot,#CC0000
CSF3R,Prot,#CC0000
CSH1,Prot,#CC0000
CSNK1D,Prot,#CC0000
CSNK2A1,Prot,#CC0000
CSPG4,Prot,#CC0000
CST3,Prot,#CC0000
CST5,Prot,#CC0000
CST6,Prot,#CC0000
CSTB,Prot,#CC0000
CTAG1A_CTAG1B,Prot,#CC0000
CTBS,Prot,#CC0000
CTF1,Prot,#CC0000
CTHRC1,Prot,#CC0000
CTLA4,Prot,#CC0000
CTRB1,Prot,#CC0000
CTRC,Prot,#CC0000
CTRL,Prot,#CC0000
CTSB,Prot,#CC0000
CTSC,Prot,#CC0000
CTSD,Prot,#CC0000
CTSE,Prot,#CC0000
CTSF,Prot,#CC0000
CTSH,Prot,#CC0000
CTSL,Prot,#CC0000
CTSO,Prot,#CC0000
CTSV,Prot,#CC0000
CTSZ,Prot,#CC0000
CX3CL1,Prot,#CC0000
CXADR,Prot,#CC0000
CXCL1,Prot,#CC0000
CXCL10,Prot,#CC0000
CXCL11,Prot,#CC0000
CXCL12,Prot,#CC0000
CXCL13,Prot,#CC0000
CXCL14,Prot,#CC0000
CXCL16,Prot,#CC0000
CXCL17,Prot,#CC0000
CXCL3,Prot,#CC0000
CXCL5,Prot,#CC0000
CXCL6,Prot,#CC0000
CXCL8,Prot,#CC0000
CXCL9,Prot,#CC0000
CYB5R2,Prot,#CC0000
CYTL1,Prot,#CC0000
DAAM1,Prot,#CC0000
DAB2,Prot,#CC0000
DAG1,Prot,#CC0000
DAND5,Prot,#CC0000
DAPK2,Prot,#CC0000
DAPP1,Prot,#CC0000
DARS1,Prot,#CC0000
DBI,Prot,#CC0000
DBN1,Prot,#CC0000
DBNL,Prot,#CC0000
DCBLD2,Prot,#CC0000
DCC,Prot,#CC0000
DCN,Prot,#CC0000
DCTD,Prot,#CC0000
DCTN1,Prot,#CC0000
DCTN2,Prot,#CC0000
DCTN6,Prot,#CC0000
DCTPP1,Prot,#CC0000
DCXR,Prot,#CC0000
DDAH1,Prot,#CC0000
DDC,Prot,#CC0000
DDHD2,Prot,#CC0000
DDI2,Prot,#CC0000
DDR1,Prot,#CC0000
DDT,Prot,#CC0000
DDX39A,Prot,#CC0000
DDX53,Prot,#CC0000
DDX58,Prot,#CC0000
DECR1,Prot,#CC0000
DEFA1_DEFA1B,Prot,#CC0000
DEFB4A_DEFB4B,Prot,#CC0000
DENR,Prot,#CC0000
DFFA,Prot,#CC0000
DGKA,Prot,#CC0000
DGKZ,Prot,#CC0000
DHPS,Prot,#CC0000
DHRS4L2,Prot,#CC0000
DIABLO,Prot,#CC0000
DIPK1C,Prot,#CC0000
DIPK2B,Prot,#CC0000
DKK1,Prot,#CC0000
DKK3,Prot,#CC0000
DKK4,Prot,#CC0000
DKKL1,Prot,#CC0000
DLG4,Prot,#CC0000
DLK1,Prot,#CC0000
DLL1,Prot,#CC0000
DMD,Prot,#CC0000
DMP1,Prot,#CC0000
DNAJA2,Prot,#CC0000
DNAJA4,Prot,#CC0000
DNAJB1,Prot,#CC0000
DNAJB14,Prot,#CC0000
DNAJB2,Prot,#CC0000
DNAJC21,Prot,#CC0000
DNAJC6,Prot,#CC0000
DNAJC9,Prot,#CC0000
DNER,Prot,#CC0000
DNM1,Prot,#CC0000
DNM3,Prot,#CC0000
DNMBP,Prot,#CC0000
DNPEP,Prot,#CC0000
DNPH1,Prot,#CC0000
DOK1,Prot,#CC0000
DOK2,Prot,#CC0000
DPEP1,Prot,#CC0000
DPEP2,Prot,#CC0000
DPP10,Prot,#CC0000
DPP4,Prot,#CC0000
DPP6,Prot,#CC0000
DPP7,Prot,#CC0000
DPT,Prot,#CC0000
DPY30,Prot,#CC0000
DRAXIN,Prot,#CC0000
DRG2,Prot,#CC0000
DSC2,Prot,#CC0000
DSCAM,Prot,#CC0000
DSG2,Prot,#CC0000
DSG3,Prot,#CC0000
DSG4,Prot,#CC0000
DTD1,Prot,#CC0000
DTNB,Prot,#CC0000
DTX3,Prot,#CC0000
DTYMK,Prot,#CC0000
DUSP13,Prot,#CC0000
DUT,Prot,#CC0000
DXO,Prot,#CC0000
DYNLT1,Prot,#CC0000
DYNLT3,Prot,#CC0000
EBAG9,Prot,#CC0000
EBI3_IL27,Prot,#CC0000
ECE1,Prot,#CC0000
ECHDC3,Prot,#CC0000
ECHS1,Prot,#CC0000
ECM1,Prot,#CC0000
EDA2R,Prot,#CC0000
EDAR,Prot,#CC0000
EDDM3B,Prot,#CC0000
EDIL3,Prot,#CC0000
EDN1,Prot,#CC0000
EEF1D,Prot,#CC0000
EFCAB14,Prot,#CC0000
EFCAB2,Prot,#CC0000
EFEMP1,Prot,#CC0000
EFHD1,Prot,#CC0000
EFNA1,Prot,#CC0000
EFNA4,Prot,#CC0000
EGF,Prot,#CC0000
EGFL7,Prot,#CC0000
EGFLAM,Prot,#CC0000
EGFR,Prot,#CC0000
EGLN1,Prot,#CC0000
EHBP1,Prot,#CC0000
EHD3,Prot,#CC0000
EIF2AK2,Prot,#CC0000
EIF4B,Prot,#CC0000
EIF4E,Prot,#CC0000
EIF4EBP1,Prot,#CC0000
EIF4G1,Prot,#CC0000
EIF4G3,Prot,#CC0000
EIF5A,Prot,#CC0000
ELAC1,Prot,#CC0000
ELN,Prot,#CC0000
ELOA,Prot,#CC0000
ENAH,Prot,#CC0000
ENG,Prot,#CC0000
ENO1,Prot,#CC0000
ENO2,Prot,#CC0000
ENO3,Prot,#CC0000
ENPP2,Prot,#CC0000
ENPP5,Prot,#CC0000
ENPP6,Prot,#CC0000
ENPP7,Prot,#CC0000
ENSA,Prot,#CC0000
ENTPD2,Prot,#CC0000
ENTPD5,Prot,#CC0000
ENTPD6,Prot,#CC0000
ENTR1,Prot,#CC0000
EP300,Prot,#CC0000
EPCAM,Prot,#CC0000
EPHA1,Prot,#CC0000
EPHA2,Prot,#CC0000
EPHA4,Prot,#CC0000
EPHB4,Prot,#CC0000
EPHB6,Prot,#CC0000
EPO,Prot,#CC0000
EPPK1,Prot,#CC0000
EPS8L2,Prot,#CC0000
ERBB2,Prot,#CC0000
ERBB3,Prot,#CC0000
ERBB4,Prot,#CC0000
ERBIN,Prot,#CC0000
EREG,Prot,#CC0000
ERI1,Prot,#CC0000
ERMAP,Prot,#CC0000
ERN1,Prot,#CC0000
ERP29,Prot,#CC0000
ERP44,Prot,#CC0000
ESAM,Prot,#CC0000
ESM1,Prot,#CC0000
ESYT2,Prot,#CC0000
EVI5,Prot,#CC0000
EVPL,Prot,#CC0000
EZR,Prot,#CC0000
F10,Prot,#CC0000
F11,Prot,#CC0000
F11R,Prot,#CC0000
F12,Prot,#CC0000
F13B,Prot,#CC0000
F2,Prot,#CC0000
F2R,Prot,#CC0000
F3,Prot,#CC0000
F7,Prot,#CC0000
F9,Prot,#CC0000
FABP1,Prot,#CC0000
FABP2,Prot,#CC0000
FABP3,Prot,#CC0000
FABP4,Prot,#CC0000
FABP5,Prot,#CC0000
FABP6,Prot,#CC0000
FABP9,Prot,#CC0000
FADD,Prot,#CC0000
FAM13A,Prot,#CC0000
FAM171A2,Prot,#CC0000
FAM172A,Prot,#CC0000
FAM20A,Prot,#CC0000
FAM3B,Prot,#CC0000
FAM3C,Prot,#CC0000
FAM3D,Prot,#CC0000
FAP,Prot,#CC0000
FARSA,Prot,#CC0000
FAS,Prot,#CC0000
FASLG,Prot,#CC0000
FBLN2,Prot,#CC0000
FBN2,Prot,#CC0000
FBP1,Prot,#CC0000
FCAMR,Prot,#CC0000
FCAR,Prot,#CC0000
FCER1A,Prot,#CC0000
FCER2,Prot,#CC0000
FCGR2B,Prot,#CC0000
FCGR3B,Prot,#CC0000
FCN1,Prot,#CC0000
FCN2,Prot,#CC0000
FCRL1,Prot,#CC0000
FCRL2,Prot,#CC0000
FCRL3,Prot,#CC0000
FCRL5,Prot,#CC0000
FCRL6,Prot,#CC0000
FCRLB,Prot,#CC0000
FES,Prot,#CC0000
FETUB,Prot,#CC0000
FGA,Prot,#CC0000
FGD3,Prot,#CC0000
FGF16,Prot,#CC0000
FGF19,Prot,#CC0000
FGF2,Prot,#CC0000
FGF21,Prot,#CC0000
FGF3,Prot,#CC0000
FGF5,Prot,#CC0000
FGFBP1,Prot,#CC0000
FGFBP2,Prot,#CC0000
FGFBP3,Prot,#CC0000
FGFR2,Prot,#CC0000
FGFR4,Prot,#CC0000
FGL1,Prot,#CC0000
FGR,Prot,#CC0000
FHIT,Prot,#CC0000
FIS1,Prot,#CC0000
FKBP14,Prot,#CC0000
FKBP1B,Prot,#CC0000
FKBP4,Prot,#CC0000
FKBP5,Prot,#CC0000
FKBP7,Prot,#CC0000
FKBPL,Prot,#CC0000
FLI1,Prot,#CC0000
FLRT2,Prot,#CC0000
FLT1,Prot,#CC0000
FLT3,Prot,#CC0000
FLT3LG,Prot,#CC0000
FLT4,Prot,#CC0000
FMNL1,Prot,#CC0000
FMR1,Prot,#CC0000
FN1,Prot,#CC0000
FNDC1,Prot,#CC0000
FNTA,Prot,#CC0000
FOLR1,Prot,#CC0000
FOLR2,Prot,#CC0000
FOLR3,Prot,#CC0000
FOXJ3,Prot,#CC0000
FOXO1,Prot,#CC0000
FOXO3,Prot,#CC0000
FRZB,Prot,#CC0000
FSHB,Prot,#CC0000
FST,Prot,#CC0000
FSTL1,Prot,#CC0000
FSTL3,Prot,#CC0000
FTCD,Prot,#CC0000
FUCA1,Prot,#CC0000
FUOM,Prot,#CC0000
FURIN,Prot,#CC0000
FUS,Prot,#CC0000
FUT3_FUT5,Prot,#CC0000
FUT8,Prot,#CC0000
FXN,Prot,#CC0000
FXYD5,Prot,#CC0000
FYB1,Prot,#CC0000
GABARAP,Prot,#CC0000
GADD45GIP1,Prot,#CC0000
GAL,Prot,#CC0000
GALNT10,Prot,#CC0000
GALNT2,Prot,#CC0000
GALNT3,Prot,#CC0000
GALNT5,Prot,#CC0000
GALNT7,Prot,#CC0000
GART,Prot,#CC0000
GAS6,Prot,#CC0000
GATD3,Prot,#CC0000
GBA,Prot,#CC0000
GBP1,Prot,#CC0000
GBP2,Prot,#CC0000
GBP4,Prot,#CC0000
GC,Prot,#CC0000
GCC1,Prot,#CC0000
GCG,Prot,#CC0000
GCNT1,Prot,#CC0000
GDF15,Prot,#CC0000
GDF2,Prot,#CC0000
GDNF,Prot,#CC0000
GFAP,Prot,#CC0000
GFER,Prot,#CC0000
GFRA1,Prot,#CC0000
GFRA2,Prot,#CC0000
GFRA3,Prot,#CC0000
GGACT,Prot,#CC0000
GGCT,Prot,#CC0000
GGH,Prot,#CC0000
GGT1,Prot,#CC0000
GGT5,Prot,#CC0000
GH1,Prot,#CC0000
GHR,Prot,#CC0000
GHRL,Prot,#CC0000
GIGYF2,Prot,#CC0000
GIMAP7,Prot,#CC0000
GIP,Prot,#CC0000
GIPC2,Prot,#CC0000
GIPC3,Prot,#CC0000
GIPR,Prot,#CC0000
GIT1,Prot,#CC0000
GKN1,Prot,#CC0000
GLA,Prot,#CC0000
GLB1,Prot,#CC0000
GLO1,Prot,#CC0000
GLOD4,Prot,#CC0000
GLRX,Prot,#CC0000
GLRX5,Prot,#CC0000
GM2A,Prot,#CC0000
GMFG,Prot,#CC0000
GMPR,Prot,#CC0000
GMPR2,Prot,#CC0000
GNAS,Prot,#CC0000
GNE,Prot,#CC0000
GNLY,Prot,#CC0000
GNPDA2,Prot,#CC0000
GOLGA3,Prot,#CC0000
GOLM2,Prot,#CC0000
GOPC,Prot,#CC0000
GORASP2,Prot,#CC0000
GOT1,Prot,#CC0000
GP1BA,Prot,#CC0000
GP2,Prot,#CC0000
GP5,Prot,#CC0000
GP6,Prot,#CC0000
GPA33,Prot,#CC0000
GPC1,Prot,#CC0000
GPC5,Prot,#CC0000
GPD1,Prot,#CC0000
GPI,Prot,#CC0000
GPIHBP1,Prot,#CC0000
GPKOW,Prot,#CC0000
GPNMB,Prot,#CC0000
GPR158,Prot,#CC0000
GPR15L,Prot,#CC0000
GPR37,Prot,#CC0000
GPRC5C,Prot,#CC0000
GRAP2,Prot,#CC0000
GRHPR,Prot,#CC0000
GRN,Prot,#CC0000
GRP,Prot,#CC0000
GRPEL1,Prot,#CC0000
GSN,Prot,#CC0000
GSR,Prot,#CC0000
GSTA1,Prot,#CC0000
GSTA3,Prot,#CC0000
GSTP1,Prot,#CC0000
GSTT2B,Prot,#CC0000
GTPBP2,Prot,#CC0000
GUCA2A,Prot,#CC0000
GUSB,Prot,#CC0000
GYS1,Prot,#CC0000
GZMA,Prot,#CC0000
GZMB,Prot,#CC0000
GZMH,Prot,#CC0000
HAGH,Prot,#CC0000
HAO1,Prot,#CC0000
HARS1,Prot,#CC0000
HAVCR1,Prot,#CC0000
HAVCR2,Prot,#CC0000
HBEGF,Prot,#CC0000
HBQ1,Prot,#CC0000
HBZ,Prot,#CC0000
HCLS1,Prot,#CC0000
HDDC2,Prot,#CC0000
HDGF,Prot,#CC0000
HDGFL2,Prot,#CC0000
HEBP1,Prot,#CC0000
HEG1,Prot,#CC0000
HEPACAM2,Prot,#CC0000
HEPH,Prot,#CC0000
HEXIM1,Prot,#CC0000
HGF,Prot,#CC0000
HGFAC,Prot,#CC0000
HGS,Prot,#CC0000
HHEX,Prot,#CC0000
HIP1R,Prot,#CC0000
HJV,Prot,#CC0000
HK2,Prot,#CC0000
HLA.A,Prot,#CC0000
HLA.DRA,Prot,#CC0000
HLA.E,Prot,#CC0000
HMBS,Prot,#CC0000
HMCN2,Prot,#CC0000
HMGCL,Prot,#CC0000
HMOX1,Prot,#CC0000
HMOX2,Prot,#CC0000
HNMT,Prot,#CC0000
HNRNPK,Prot,#CC0000
HNRNPUL1,Prot,#CC0000
HPCAL1,Prot,#CC0000
HPGDS,Prot,#CC0000
HPSE,Prot,#CC0000
HRC,Prot,#CC0000
HRG,Prot,#CC0000
HS1BP3,Prot,#CC0000
HS3ST3B1,Prot,#CC0000
HS6ST1,Prot,#CC0000
HS6ST2,Prot,#CC0000
HSBP1,Prot,#CC0000
HSD11B1,Prot,#CC0000
HSD17B14,Prot,#CC0000
HSDL2,Prot,#CC0000
HSPA1A,Prot,#CC0000
HSPA2,Prot,#CC0000
HSPB1,Prot,#CC0000
HSPB6,Prot,#CC0000
HSPG2,Prot,#CC0000
HTRA2,Prot,#CC0000
HYAL1,Prot,#CC0000
HYOU1,Prot,#CC0000
ICA1,Prot,#CC0000
ICAM1,Prot,#CC0000
ICAM2,Prot,#CC0000
ICAM3,Prot,#CC0000
ICAM4,Prot,#CC0000
ICAM5,Prot,#CC0000
ICOSLG,Prot,#CC0000
IDI2,Prot,#CC0000
IDO1,Prot,#CC0000
IDS,Prot,#CC0000
IDUA,Prot,#CC0000
IFI30,Prot,#CC0000
IFIT1,Prot,#CC0000
IFIT3,Prot,#CC0000
IFNAR1,Prot,#CC0000
IFNG,Prot,#CC0000
IFNGR1,Prot,#CC0000
IFNGR2,Prot,#CC0000
IFNL1,Prot,#CC0000
IFNLR1,Prot,#CC0000
IFT20,Prot,#CC0000
IGBP1,Prot,#CC0000
IGDCC4,Prot,#CC0000
IGF1R,Prot,#CC0000
IGF2R,Prot,#CC0000
IGFBP1,Prot,#CC0000
IGFBP2,Prot,#CC0000
IGFBP3,Prot,#CC0000
IGFBP4,Prot,#CC0000
IGFBP6,Prot,#CC0000
IGFBP7,Prot,#CC0000
IGFBPL1,Prot,#CC0000
IGLC2,Prot,#CC0000
IGSF21,Prot,#CC0000
IGSF3,Prot,#CC0000
IGSF8,Prot,#CC0000
IGSF9,Prot,#CC0000
IKBKG,Prot,#CC0000
IL10,Prot,#CC0000
IL10RB,Prot,#CC0000
IL12A_IL12B,Prot,#CC0000
IL12B,Prot,#CC0000
IL12RB1,Prot,#CC0000
IL12RB2,Prot,#CC0000
IL13RA1,Prot,#CC0000
IL15,Prot,#CC0000
IL15RA,Prot,#CC0000
IL16,Prot,#CC0000
IL17A,Prot,#CC0000
IL17C,Prot,#CC0000
IL17D,Prot,#CC0000
IL17RA,Prot,#CC0000
IL17RB,Prot,#CC0000
IL18,Prot,#CC0000
IL18BP,Prot,#CC0000
IL18R1,Prot,#CC0000
IL18RAP,Prot,#CC0000
IL19,Prot,#CC0000
IL1B,Prot,#CC0000
IL1R1,Prot,#CC0000
IL1R2,Prot,#CC0000
IL1RAP,Prot,#CC0000
IL1RL1,Prot,#CC0000
IL1RL2,Prot,#CC0000
IL1RN,Prot,#CC0000
IL2,Prot,#CC0000
IL20RB,Prot,#CC0000
IL22,Prot,#CC0000
IL22RA1,Prot,#CC0000
IL2RA,Prot,#CC0000
IL2RB,Prot,#CC0000
IL32,Prot,#CC0000
IL33,Prot,#CC0000
IL34,Prot,#CC0000
IL3RA,Prot,#CC0000
IL4,Prot,#CC0000
IL4R,Prot,#CC0000
IL5RA,Prot,#CC0000
IL6,Prot,#CC0000
IL6R,Prot,#CC0000
IL6ST,Prot,#CC0000
IL7,Prot,#CC0000
IL7R,Prot,#CC0000
ILKAP,Prot,#CC0000
IMMT,Prot,#CC0000
IMPA1,Prot,#CC0000
IMPACT,Prot,#CC0000
ING1,Prot,#CC0000
INHBB,Prot,#CC0000
INHBC,Prot,#CC0000
INPP1,Prot,#CC0000
INPP5D,Prot,#CC0000
INPP5J,Prot,#CC0000
INPPL1,Prot,#CC0000
INSL3,Prot,#CC0000
INSL5,Prot,#CC0000
INSR,Prot,#CC0000
IPCEF1,Prot,#CC0000
IQGAP2,Prot,#CC0000
IRAG2,Prot,#CC0000
IRAK1,Prot,#CC0000
IRAK4,Prot,#CC0000
ISLR2,Prot,#CC0000
ISM1,Prot,#CC0000
ISM2,Prot,#CC0000
IST1,Prot,#CC0000
ITGA11,Prot,#CC0000
ITGA2,Prot,#CC0000
ITGA5,Prot,#CC0000
ITGA6,Prot,#CC0000
ITGAL,Prot,#CC0000
ITGAM,Prot,#CC0000
ITGAV,Prot,#CC0000
ITGB1,Prot,#CC0000
ITGB1BP1,Prot,#CC0000
ITGB1BP2,Prot,#CC0000
ITGB2,Prot,#CC0000
ITGB5,Prot,#CC0000
ITGB6,Prot,#CC0000
ITGB7,Prot,#CC0000
ITGBL1,Prot,#CC0000
ITIH1,Prot,#CC0000
ITIH3,Prot,#CC0000
ITIH4,Prot,#CC0000
ITIH5,Prot,#CC0000
ITM2A,Prot,#CC0000
ITPR1,Prot,#CC0000
IVD,Prot,#CC0000
JAM2,Prot,#CC0000
JAM3,Prot,#CC0000
JCHAIN,Prot,#CC0000
JPT2,Prot,#CC0000
KAZALD1,Prot,#CC0000
KAZN,Prot,#CC0000
KCTD5,Prot,#CC0000
KDR,Prot,#CC0000
KEL,Prot,#CC0000
KHK,Prot,#CC0000
KIAA0319,Prot,#CC0000
KIAA1549,Prot,#CC0000
KIAA1549L,Prot,#CC0000
KIFBP,Prot,#CC0000
KIR2DL2,Prot,#CC0000
KIR2DL3,Prot,#CC0000
KIR2DS4,Prot,#CC0000
KIR3DL1,Prot,#CC0000
KIRREL2,Prot,#CC0000
KIT,Prot,#CC0000
KITLG,Prot,#CC0000
KLB,Prot,#CC0000
KLK1,Prot,#CC0000
KLK10,Prot,#CC0000
KLK11,Prot,#CC0000
KLK12,Prot,#CC0000
KLK13,Prot,#CC0000
KLK14,Prot,#CC0000
KLK15,Prot,#CC0000
KLK3,Prot,#CC0000
KLK4,Prot,#CC0000
KLK6,Prot,#CC0000
KLK8,Prot,#CC0000
KLKB1,Prot,#CC0000
KLRB1,Prot,#CC0000
KLRD1,Prot,#CC0000
KLRF1,Prot,#CC0000
KLRK1,Prot,#CC0000
KRT14,Prot,#CC0000
KRT18,Prot,#CC0000
KRT19,Prot,#CC0000
KRT5,Prot,#CC0000
KYAT1,Prot,#CC0000
KYNU,Prot,#CC0000
L1CAM,Prot,#CC0000
L3HYPDH,Prot,#CC0000
LACTB2,Prot,#CC0000
LAG3,Prot,#CC0000
LAIR1,Prot,#CC0000
LAMA4,Prot,#CC0000
LAMB1,Prot,#CC0000
LAMP1,Prot,#CC0000
LAMP2,Prot,#CC0000
LAMP3,Prot,#CC0000
LAMTOR5,Prot,#CC0000
LAP3,Prot,#CC0000
LARP1,Prot,#CC0000
LAT,Prot,#CC0000
LAT2,Prot,#CC0000
LATS1,Prot,#CC0000
LAYN,Prot,#CC0000
LBP,Prot,#CC0000
LBR,Prot,#CC0000
LCAT,Prot,#CC0000
LCN2,Prot,#CC0000
LCP1,Prot,#CC0000
LDLR,Prot,#CC0000
LDLRAP1,Prot,#CC0000
LECT2,Prot,#CC0000
LEFTY2,Prot,#CC0000
LEP,Prot,#CC0000
LEPR,Prot,#CC0000
LETM1,Prot,#CC0000
LGALS1,Prot,#CC0000
LGALS3,Prot,#CC0000
LGALS3BP,Prot,#CC0000
LGALS4,Prot,#CC0000
LGALS7_LGALS7B,Prot,#CC0000
LGALS8,Prot,#CC0000
LGALS9,Prot,#CC0000
LGMN,Prot,#CC0000
LHB,Prot,#CC0000
LHPP,Prot,#CC0000
LIF,Prot,#CC0000
LIFR,Prot,#CC0000
LILRA2,Prot,#CC0000
LILRA5,Prot,#CC0000
LILRA6,Prot,#CC0000
LILRB1,Prot,#CC0000
LILRB2,Prot,#CC0000
LILRB4,Prot,#CC0000
LILRB5,Prot,#CC0000
LIPF,Prot,#CC0000
LMNB1,Prot,#CC0000
LMNB2,Prot,#CC0000
LMOD1,Prot,#CC0000
LONP1,Prot,#CC0000
LPA,Prot,#CC0000
LPL,Prot,#CC0000
LPO,Prot,#CC0000
LRG1,Prot,#CC0000
LRIG1,Prot,#CC0000
LRP1,Prot,#CC0000
LRP11,Prot,#CC0000
LRP2,Prot,#CC0000
LRRC25,Prot,#CC0000
LRRC37A2,Prot,#CC0000
LRRC38,Prot,#CC0000
LRRC59,Prot,#CC0000
LRRFIP1,Prot,#CC0000
LRRN1,Prot,#CC0000
LRTM1,Prot,#CC0000
LRTM2,Prot,#CC0000
LSP1,Prot,#CC0000
LTA,Prot,#CC0000
LTA4H,Prot,#CC0000
LTB,Prot,#CC0000
LTBP2,Prot,#CC0000
LTBP3,Prot,#CC0000
LTBR,Prot,#CC0000
LTO1,Prot,#CC0000
LUZP2,Prot,#CC0000
LXN,Prot,#CC0000
LY6D,Prot,#CC0000
LY75,Prot,#CC0000
LY9,Prot,#CC0000
LY96,Prot,#CC0000
LYAR,Prot,#CC0000
LYN,Prot,#CC0000
LYPD3,Prot,#CC0000
LYPD8,Prot,#CC0000
LYVE1,Prot,#CC0000
LZTFL1,Prot,#CC0000
MAD1L1,Prot,#CC0000
MAEA,Prot,#CC0000
MAG,Prot,#CC0000
MAGEA3,Prot,#CC0000
MAGED1,Prot,#CC0000
MAMDC2,Prot,#CC0000
MAMDC4,Prot,#CC0000
MAN1A2,Prot,#CC0000
MAN2B2,Prot,#CC0000
MANF,Prot,#CC0000
MANSC1,Prot,#CC0000
MAP2,Prot,#CC0000
MAP2K1,Prot,#CC0000
MAP2K6,Prot,#CC0000
MAP3K5,Prot,#CC0000
MAP4K5,Prot,#CC0000
MAPK9,Prot,#CC0000
MAPKAPK2,Prot,#CC0000
MAPT,Prot,#CC0000
MARCO,Prot,#CC0000
MARS1,Prot,#CC0000
MASP1,Prot,#CC0000
MATN2,Prot,#CC0000
MATN3,Prot,#CC0000
MAVS,Prot,#CC0000
MAX,Prot,#CC0000
MB,Prot,#CC0000
MBL2,Prot,#CC0000
MCAM,Prot,#CC0000
MCEE,Prot,#CC0000
MCEMP1,Prot,#CC0000
MCFD2,Prot,#CC0000
MCTS1,Prot,#CC0000
MDGA1,Prot,#CC0000
MDH1,Prot,#CC0000
MDK,Prot,#CC0000
MDM1,Prot,#CC0000
MECR,Prot,#CC0000
MED18,Prot,#CC0000
MEGF10,Prot,#CC0000
MEGF9,Prot,#CC0000
MELTF,Prot,#CC0000
MENT,Prot,#CC0000
MEP1A,Prot,#CC0000
MEP1B,Prot,#CC0000
MEPE,Prot,#CC0000
MERTK,Prot,#CC0000
MESD,Prot,#CC0000
MET,Prot,#CC0000
METAP1,Prot,#CC0000
METAP1D,Prot,#CC0000
METAP2,Prot,#CC0000
MFAP4,Prot,#CC0000
MFAP5,Prot,#CC0000
MFGE8,Prot,#CC0000
MGLL,Prot,#CC0000
MGMT,Prot,#CC0000
MIA,Prot,#CC0000
MICALL2,Prot,#CC0000
MIF,Prot,#CC0000
MILR1,Prot,#CC0000
MINDY1,Prot,#CC0000
MINK1,Prot,#CC0000
MITD1,Prot,#CC0000
MLN,Prot,#CC0000
MME,Prot,#CC0000
MMP1,Prot,#CC0000
MMP10,Prot,#CC0000
MMP12,Prot,#CC0000
MMP13,Prot,#CC0000
MMP3,Prot,#CC0000
MMP7,Prot,#CC0000
MMP8,Prot,#CC0000
MMP9,Prot,#CC0000
MNDA,Prot,#CC0000
MOCS2,Prot,#CC0000
MOG,Prot,#CC0000
MORC3,Prot,#CC0000
MPHOSPH8,Prot,#CC0000
MPI,Prot,#CC0000
MPIG6B,Prot,#CC0000
MPO,Prot,#CC0000
MPRIP,Prot,#CC0000
MRC1,Prot,#CC0000
MRI1,Prot,#CC0000
MRPL46,Prot,#CC0000
MSLN,Prot,#CC0000
MSLNL,Prot,#CC0000
MSMB,Prot,#CC0000
MSR1,Prot,#CC0000
MSRA,Prot,#CC0000
MST1,Prot,#CC0000
MSTN,Prot,#CC0000
MTDH,Prot,#CC0000
MTHFD2,Prot,#CC0000
MTHFSD,Prot,#CC0000
MTIF3,Prot,#CC0000
MTPN,Prot,#CC0000
MTSS1,Prot,#CC0000
MTSS2,Prot,#CC0000
MTUS1,Prot,#CC0000
MUC13,Prot,#CC0000
MUC16,Prot,#CC0000
MUC2,Prot,#CC0000
MVK,Prot,#CC0000
MXRA8,Prot,#CC0000
MYBPC1,Prot,#CC0000
MYCBP2,Prot,#CC0000
MYDGF,Prot,#CC0000
MYH9,Prot,#CC0000
MYL3,Prot,#CC0000
MYL4,Prot,#CC0000
MYO9B,Prot,#CC0000
MYOC,Prot,#CC0000
MYOM3,Prot,#CC0000
MZB1,Prot,#CC0000
MZT1,Prot,#CC0000
NAA80,Prot,#CC0000
NAAA,Prot,#CC0000
NACC1,Prot,#CC0000
NADK,Prot,#CC0000
NAGK,Prot,#CC0000
NAGPA,Prot,#CC0000
NAP1L4,Prot,#CC0000
NAPRT,Prot,#CC0000
NARS1,Prot,#CC0000
NBL1,Prot,#CC0000
NBN,Prot,#CC0000
NCAM1,Prot,#CC0000
NCAM2,Prot,#CC0000
NCAN,Prot,#CC0000
NCF2,Prot,#CC0000
NCK2,Prot,#CC0000
NCR1,Prot,#CC0000
NCR3LG1,Prot,#CC0000
NCS1,Prot,#CC0000
NDUFB7,Prot,#CC0000
NECTIN1,Prot,#CC0000
NECTIN2,Prot,#CC0000
NECTIN4,Prot,#CC0000
NEDD4L,Prot,#CC0000
NEDD9,Prot,#CC0000
NEFL,Prot,#CC0000
NELL1,Prot,#CC0000
NELL2,Prot,#CC0000
NEO1,Prot,#CC0000
NEXN,Prot,#CC0000
NFASC,Prot,#CC0000
NFAT5,Prot,#CC0000
NFATC1,Prot,#CC0000
NFATC3,Prot,#CC0000
NFE2,Prot,#CC0000
NFKBIE,Prot,#CC0000
NFU1,Prot,#CC0000
NGF,Prot,#CC0000
NGFR,Prot,#CC0000
NGRN,Prot,#CC0000
NID1,Prot,#CC0000
NID2,Prot,#CC0000
NIT1,Prot,#CC0000
NIT2,Prot,#CC0000
NME1,Prot,#CC0000
NME3,Prot,#CC0000
NMI,Prot,#CC0000
NMNAT1,Prot,#CC0000
NMT1,Prot,#CC0000
NOMO1,Prot,#CC0000
NOS1,Prot,#CC0000
NOS3,Prot,#CC0000
NOTCH1,Prot,#CC0000
NOTCH2,Prot,#CC0000
NOTCH3,Prot,#CC0000
NPC2,Prot,#CC0000
NPDC1,Prot,#CC0000
NPHS1,Prot,#CC0000
NPL,Prot,#CC0000
NPPC,Prot,#CC0000
NPTX1,Prot,#CC0000
NPTX2,Prot,#CC0000
NPTXR,Prot,#CC0000
NPY,Prot,#CC0000
NRCAM,Prot,#CC0000
NRGN,Prot,#CC0000
NRP1,Prot,#CC0000
NRP2,Prot,#CC0000
NRTN,Prot,#CC0000
NSFL1C,Prot,#CC0000
NT5C,Prot,#CC0000
NT5C1A,Prot,#CC0000
NT5C3A,Prot,#CC0000
NT5E,Prot,#CC0000
NTF3,Prot,#CC0000
NTRK2,Prot,#CC0000
NTRK3,Prot,#CC0000
NTproBNP,Prot,#CC0000
NUB1,Prot,#CC0000
NUCB2,Prot,#CC0000
NUDC,Prot,#CC0000
NUDT10,Prot,#CC0000
NUDT16,Prot,#CC0000
NUDT2,Prot,#CC0000
NUDT5,Prot,#CC0000
NUMB,Prot,#CC0000
NXPH1,Prot,#CC0000
NXPH3,Prot,#CC0000
OBP2B,Prot,#CC0000
OCLN,Prot,#CC0000
ODAM,Prot,#CC0000
OGA,Prot,#CC0000
OGFR,Prot,#CC0000
OGN,Prot,#CC0000
OLR1,Prot,#CC0000
OMD,Prot,#CC0000
OMG,Prot,#CC0000
OPHN1,Prot,#CC0000
OPLAH,Prot,#CC0000
OPTC,Prot,#CC0000
ORM1,Prot,#CC0000
OSCAR,Prot,#CC0000
OSM,Prot,#CC0000
OSMR,Prot,#CC0000
OTUD6B,Prot,#CC0000
OTUD7B,Prot,#CC0000
OXCT1,Prot,#CC0000
OXT,Prot,#CC0000
P4HB,Prot,#CC0000
PADI4,Prot,#CC0000
PAFAH2,Prot,#CC0000
PAG1,Prot,#CC0000
PAGR1,Prot,#CC0000
PAK4,Prot,#CC0000
PALM,Prot,#CC0000
PALM2,Prot,#CC0000
PAM,Prot,#CC0000
PAMR1,Prot,#CC0000
PAPPA,Prot,#CC0000
PARD3,Prot,#CC0000
PARK7,Prot,#CC0000
PARP1,Prot,#CC0000
PAXX,Prot,#CC0000
PBLD,Prot,#CC0000
PBXIP1,Prot,#CC0000
PCBD1,Prot,#CC0000
PCBP2,Prot,#CC0000
PCDH1,Prot,#CC0000
PCDH12,Prot,#CC0000
PCDH17,Prot,#CC0000
PCDH9,Prot,#CC0000
PCDHB15,Prot,#CC0000
PCSK7,Prot,#CC0000
PCSK9,Prot,#CC0000
PCYT2,Prot,#CC0000
PDAP1,Prot,#CC0000
PDCD1,Prot,#CC0000
PDCD1LG2,Prot,#CC0000
PDCD5,Prot,#CC0000
PDE5A,Prot,#CC0000
PDGFA,Prot,#CC0000
PDGFB,Prot,#CC0000
PDGFC,Prot,#CC0000
PDGFRA,Prot,#CC0000
PDGFRB,Prot,#CC0000
PDIA3,Prot,#CC0000
PDIA4,Prot,#CC0000
PDLIM5,Prot,#CC0000
PDLIM7,Prot,#CC0000
PDZK1,Prot,#CC0000
PEAR1,Prot,#CC0000
PEBP1,Prot,#CC0000
PECAM1,Prot,#CC0000
PECR,Prot,#CC0000
PENK,Prot,#CC0000
PEPD,Prot,#CC0000
PER3,Prot,#CC0000
PF4,Prot,#CC0000
PFDN2,Prot,#CC0000
PFKFB2,Prot,#CC0000
PGD,Prot,#CC0000
PGF,Prot,#CC0000
PGLYRP1,Prot,#CC0000
PGLYRP2,Prot,#CC0000
PHACTR2,Prot,#CC0000
PHLDB1,Prot,#CC0000
PHOSPHO1,Prot,#CC0000
PHYKPL,Prot,#CC0000
PI16,Prot,#CC0000
PI3,Prot,#CC0000
PIBF1,Prot,#CC0000
PIGR,Prot,#CC0000
PIK3AP1,Prot,#CC0000
PIK3IP1,Prot,#CC0000
PIKFYVE,Prot,#CC0000
PILRA,Prot,#CC0000
PILRB,Prot,#CC0000
PINLYP,Prot,#CC0000
PKD1,Prot,#CC0000
PKLR,Prot,#CC0000
PKN3,Prot,#CC0000
PLA2G10,Prot,#CC0000
PLA2G15,Prot,#CC0000
PLA2G1B,Prot,#CC0000
PLA2G2A,Prot,#CC0000
PLA2G4A,Prot,#CC0000
PLA2G7,Prot,#CC0000
PLAT,Prot,#CC0000
PLAU,Prot,#CC0000
PLAUR,Prot,#CC0000
PLB1,Prot,#CC0000
PLCB2,Prot,#CC0000
PLEKHO1,Prot,#CC0000
PLG,Prot,#CC0000
PLIN1,Prot,#CC0000
PLIN3,Prot,#CC0000
PLPBP,Prot,#CC0000
PLSCR3,Prot,#CC0000
PLTP,Prot,#CC0000
PLXDC1,Prot,#CC0000
PLXDC2,Prot,#CC0000
PLXNA4,Prot,#CC0000
PLXNB2,Prot,#CC0000
PLXNB3,Prot,#CC0000
PM20D1,Prot,#CC0000
PMS1,Prot,#CC0000
PMVK,Prot,#CC0000
PNLIP,Prot,#CC0000
PNLIPRP1,Prot,#CC0000
PNLIPRP2,Prot,#CC0000
PNMA1,Prot,#CC0000
PODXL,Prot,#CC0000
PODXL2,Prot,#CC0000
POF1B,Prot,#CC0000
POLR2A,Prot,#CC0000
POLR2F,Prot,#CC0000
POMC,Prot,#CC0000
PON1,Prot,#CC0000
PON2,Prot,#CC0000
PON3,Prot,#CC0000
POSTN,Prot,#CC0000
PPBP,Prot,#CC0000
PPCDC,Prot,#CC0000
PPIB,Prot,#CC0000
PPIF,Prot,#CC0000
PPL,Prot,#CC0000
PPM1A,Prot,#CC0000
PPM1F,Prot,#CC0000
PPME1,Prot,#CC0000
PPP1CC,Prot,#CC0000
PPP1R12A,Prot,#CC0000
PPP1R14A,Prot,#CC0000
PPP1R14D,Prot,#CC0000
PPP1R2,Prot,#CC0000
PPP1R9B,Prot,#CC0000
PPP2R5A,Prot,#CC0000
PPP3R1,Prot,#CC0000
PPY,Prot,#CC0000
PRAP1,Prot,#CC0000
PRCP,Prot,#CC0000
PRDX1,Prot,#CC0000
PRDX2,Prot,#CC0000
PRDX3,Prot,#CC0000
PRDX5,Prot,#CC0000
PRDX6,Prot,#CC0000
PREB,Prot,#CC0000
PRELP,Prot,#CC0000
PRG2,Prot,#CC0000
PRG3,Prot,#CC0000
PRKAB1,Prot,#CC0000
PRKAG3,Prot,#CC0000
PRKAR1A,Prot,#CC0000
PRKAR2A,Prot,#CC0000
PRKG1,Prot,#CC0000
PRKRA,Prot,#CC0000
PRL,Prot,#CC0000
PRND,Prot,#CC0000
PROC,Prot,#CC0000
PROK1,Prot,#CC0000
PROS1,Prot,#CC0000
PRRT3,Prot,#CC0000
PRSS2,Prot,#CC0000
PRSS22,Prot,#CC0000
PRSS27,Prot,#CC0000
PRSS53,Prot,#CC0000
PRSS8,Prot,#CC0000
PRTFDC1,Prot,#CC0000
PRTG,Prot,#CC0000
PRTN3,Prot,#CC0000
PRUNE2,Prot,#CC0000
PSAP,Prot,#CC0000
PSAPL1,Prot,#CC0000
PSCA,Prot,#CC0000
PSG1,Prot,#CC0000
PSIP1,Prot,#CC0000
PSMA1,Prot,#CC0000
PSMD1,Prot,#CC0000
PSMD9,Prot,#CC0000
PSME1,Prot,#CC0000
PSME2,Prot,#CC0000
PSMG3,Prot,#CC0000
PSMG4,Prot,#CC0000
PSPN,Prot,#CC0000
PSRC1,Prot,#CC0000
PTEN,Prot,#CC0000
PTGDS,Prot,#CC0000
PTGR1,Prot,#CC0000
PTH,Prot,#CC0000
PTK7,Prot,#CC0000
PTN,Prot,#CC0000
PTP4A3,Prot,#CC0000
PTPN1,Prot,#CC0000
PTPN6,Prot,#CC0000
PTPRB,Prot,#CC0000
PTPRC,Prot,#CC0000
PTPRF,Prot,#CC0000
PTPRH,Prot,#CC0000
PTPRK,Prot,#CC0000
PTPRM,Prot,#CC0000
PTPRN2,Prot,#CC0000
PTPRR,Prot,#CC0000
PTPRS,Prot,#CC0000
PTPRZ1,Prot,#CC0000
PTRHD1,Prot,#CC0000
PTS,Prot,#CC0000
PTTG1,Prot,#CC0000
PTX3,Prot,#CC0000
PVALB,Prot,#CC0000
PVR,Prot,#CC0000
PXN,Prot,#CC0000
PYDC1,Prot,#CC0000
PZP,Prot,#CC0000
QDPR,Prot,#CC0000
QPCT,Prot,#CC0000
RAB10,Prot,#CC0000
RAB11FIP3,Prot,#CC0000
RAB27B,Prot,#CC0000
RAB2B,Prot,#CC0000
RAB6A,Prot,#CC0000
RABEP1,Prot,#CC0000
RABGAP1L,Prot,#CC0000
RAD23B,Prot,#CC0000
RALB,Prot,#CC0000
RANBP1,Prot,#CC0000
RAPGEF2,Prot,#CC0000
RARRES1,Prot,#CC0000
RARRES2,Prot,#CC0000
RASA1,Prot,#CC0000
RASSF2,Prot,#CC0000
RBFOX3,Prot,#CC0000
RBKS,Prot,#CC0000
RBM17,Prot,#CC0000
RBP2,Prot,#CC0000
RBP5,Prot,#CC0000
RBP7,Prot,#CC0000
RBPMS2,Prot,#CC0000
RECK,Prot,#CC0000
REEP4,Prot,#CC0000
REG1A,Prot,#CC0000
REG1B,Prot,#CC0000
REG3A,Prot,#CC0000
REG3G,Prot,#CC0000
REG4,Prot,#CC0000
RELT,Prot,#CC0000
REN,Prot,#CC0000
REPS1,Prot,#CC0000
RET,Prot,#CC0000
RETN,Prot,#CC0000
RFC4,Prot,#CC0000
RGCC,Prot,#CC0000
RGMA,Prot,#CC0000
RGMB,Prot,#CC0000
RGS10,Prot,#CC0000
RHOC,Prot,#CC0000
RIDA,Prot,#CC0000
RILP,Prot,#CC0000
RILPL2,Prot,#CC0000
RNASE1,Prot,#CC0000
RNASE10,Prot,#CC0000
RNASE3,Prot,#CC0000
RNASE6,Prot,#CC0000
RNASET2,Prot,#CC0000
RNF149,Prot,#CC0000
RNF41,Prot,#CC0000
RNF5,Prot,#CC0000
ROBO1,Prot,#CC0000
ROBO2,Prot,#CC0000
ROBO4,Prot,#CC0000
ROR1,Prot,#CC0000
RP2,Prot,#CC0000
RPA2,Prot,#CC0000
RPE,Prot,#CC0000
RPGR,Prot,#CC0000
RPL14,Prot,#CC0000
RRAS,Prot,#CC0000
RRM2B,Prot,#CC0000
RSPO1,Prot,#CC0000
RSPO3,Prot,#CC0000
RTBDN,Prot,#CC0000
RTN4IP1,Prot,#CC0000
RTN4R,Prot,#CC0000
RWDD1,Prot,#CC0000
S100A11,Prot,#CC0000
S100A12,Prot,#CC0000
S100A13,Prot,#CC0000
S100A14,Prot,#CC0000
S100A16,Prot,#CC0000
S100A4,Prot,#CC0000
S100G,Prot,#CC0000
S100P,Prot,#CC0000
SAFB2,Prot,#CC0000
SAMD9L,Prot,#CC0000
SARG,Prot,#CC0000
SBSN,Prot,#CC0000
SCAMP3,Prot,#CC0000
SCARA5,Prot,#CC0000
SCARB2,Prot,#CC0000
SCARF1,Prot,#CC0000
SCARF2,Prot,#CC0000
SCG2,Prot,#CC0000
SCG3,Prot,#CC0000
SCGB1A1,Prot,#CC0000
SCGB3A1,Prot,#CC0000
SCGB3A2,Prot,#CC0000
SCGN,Prot,#CC0000
SCLY,Prot,#CC0000
SCN2B,Prot,#CC0000
SCN4B,Prot,#CC0000
SCPEP1,Prot,#CC0000
SCRG1,Prot,#CC0000
SCRN1,Prot,#CC0000
SCT,Prot,#CC0000
SDC1,Prot,#CC0000
SDC4,Prot,#CC0000
SDCCAG8,Prot,#CC0000
SDHB,Prot,#CC0000
SDK2,Prot,#CC0000
SEC31A,Prot,#CC0000
SEL1L,Prot,#CC0000
SELE,Prot,#CC0000
SELENOP,Prot,#CC0000
SELL,Prot,#CC0000
SELP,Prot,#CC0000
SELPLG,Prot,#CC0000
SEMA3F,Prot,#CC0000
SEMA3G,Prot,#CC0000
SEMA4C,Prot,#CC0000
SEMA4D,Prot,#CC0000
SEMA6C,Prot,#CC0000
SEMA7A,Prot,#CC0000
SEPTIN3,Prot,#CC0000
SEPTIN8,Prot,#CC0000
SEPTIN9,Prot,#CC0000
SERPINA1,Prot,#CC0000
SERPINA11,Prot,#CC0000
SERPINA3,Prot,#CC0000
SERPINA4,Prot,#CC0000
SERPINA5,Prot,#CC0000
SERPINA6,Prot,#CC0000
SERPINA7,Prot,#CC0000
SERPINA9,Prot,#CC0000
SERPINB1,Prot,#CC0000
SERPINB5,Prot,#CC0000
SERPINB6,Prot,#CC0000
SERPINB8,Prot,#CC0000
SERPINB9,Prot,#CC0000
SERPINC1,Prot,#CC0000
SERPIND1,Prot,#CC0000
SERPINE1,Prot,#CC0000
SERPINE2,Prot,#CC0000
SERPINF1,Prot,#CC0000
SERPINF2,Prot,#CC0000
SERPING1,Prot,#CC0000
SERPINH1,Prot,#CC0000
SERPINI1,Prot,#CC0000
SERPINI2,Prot,#CC0000
SESTD1,Prot,#CC0000
SETMAR,Prot,#CC0000
SEZ6,Prot,#CC0000
SEZ6L,Prot,#CC0000
SEZ6L2,Prot,#CC0000
SF3B4,Prot,#CC0000
SFRP1,Prot,#CC0000
SFRP4,Prot,#CC0000
SFTPA2,Prot,#CC0000
SFTPD,Prot,#CC0000
SGSH,Prot,#CC0000
SH2B3,Prot,#CC0000
SH2D1A,Prot,#CC0000
SH3GL3,Prot,#CC0000
SH3GLB2,Prot,#CC0000
SHBG,Prot,#CC0000
SHH,Prot,#CC0000
SHISA5,Prot,#CC0000
SHMT1,Prot,#CC0000
SIAE,Prot,#CC0000
SIGLEC1,Prot,#CC0000
SIGLEC10,Prot,#CC0000
SIGLEC6,Prot,#CC0000
SIGLEC7,Prot,#CC0000
SIGLEC8,Prot,#CC0000
SIGLEC9,Prot,#CC0000
SIRPA,Prot,#CC0000
SIRPB1,Prot,#CC0000
SIRT2,Prot,#CC0000
SIT1,Prot,#CC0000
SKAP1,Prot,#CC0000
SKAP2,Prot,#CC0000
SLA2,Prot,#CC0000
SLAMF1,Prot,#CC0000
SLAMF6,Prot,#CC0000
SLAMF7,Prot,#CC0000
SLAMF8,Prot,#CC0000
SLC39A14,Prot,#CC0000
SLC39A5,Prot,#CC0000
SLC4A1,Prot,#CC0000
SLC9A3R1,Prot,#CC0000
SLIT2,Prot,#CC0000
SLITRK1,Prot,#CC0000
SLITRK2,Prot,#CC0000
SLITRK6,Prot,#CC0000
SLMAP,Prot,#CC0000
SLURP1,Prot,#CC0000
SMAD1,Prot,#CC0000
SMAD2,Prot,#CC0000
SMAD3,Prot,#CC0000
SMAD5,Prot,#CC0000
SMARCA2,Prot,#CC0000
SMNDC1,Prot,#CC0000
SMOC1,Prot,#CC0000
SMOC2,Prot,#CC0000
SMPD1,Prot,#CC0000
SMPDL3A,Prot,#CC0000
SMTN,Prot,#CC0000
SNAP23,Prot,#CC0000
SNAP29,Prot,#CC0000
SNAPIN,Prot,#CC0000
SNCA,Prot,#CC0000
SNCG,Prot,#CC0000
SNED1,Prot,#CC0000
SNX15,Prot,#CC0000
SNX2,Prot,#CC0000
SNX5,Prot,#CC0000
SNX9,Prot,#CC0000
SOD1,Prot,#CC0000
SOD2,Prot,#CC0000
SORCS2,Prot,#CC0000
SORD,Prot,#CC0000
SORT1,Prot,#CC0000
SOST,Prot,#CC0000
SOX2,Prot,#CC0000
SOX9,Prot,#CC0000
SPACA5_SPACA5B,Prot,#CC0000
SPAG1,Prot,#CC0000
SPARC,Prot,#CC0000
SPARCL1,Prot,#CC0000
SPART,Prot,#CC0000
SPESP1,Prot,#CC0000
SPINK1,Prot,#CC0000
SPINK2,Prot,#CC0000
SPINK4,Prot,#CC0000
SPINK5,Prot,#CC0000
SPINK6,Prot,#CC0000
SPINT1,Prot,#CC0000
SPINT2,Prot,#CC0000
SPINT3,Prot,#CC0000
SPOCK1,Prot,#CC0000
SPON1,Prot,#CC0000
SPON2,Prot,#CC0000
SPP1,Prot,#CC0000
SPRED2,Prot,#CC0000
SPRR3,Prot,#CC0000
SPRY2,Prot,#CC0000
SRC,Prot,#CC0000
SRP14,Prot,#CC0000
SRPK2,Prot,#CC0000
SRPX,Prot,#CC0000
SSBP1,Prot,#CC0000
SSC4D,Prot,#CC0000
SSC5D,Prot,#CC0000
SSNA1,Prot,#CC0000
ST13,Prot,#CC0000
ST3GAL1,Prot,#CC0000
ST6GAL1,Prot,#CC0000
STAB2,Prot,#CC0000
STAM,Prot,#CC0000
STAMBP,Prot,#CC0000
STAT2,Prot,#CC0000
STAT5B,Prot,#CC0000
STC1,Prot,#CC0000
STC2,Prot,#CC0000
STIP1,Prot,#CC0000
STK11,Prot,#CC0000
STK24,Prot,#CC0000
STK4,Prot,#CC0000
STX16,Prot,#CC0000
STX4,Prot,#CC0000
STX6,Prot,#CC0000
STX7,Prot,#CC0000
STX8,Prot,#CC0000
STXBP1,Prot,#CC0000
STXBP3,Prot,#CC0000
SUGP1,Prot,#CC0000
SUGT1,Prot,#CC0000
SULT1A1,Prot,#CC0000
SULT2A1,Prot,#CC0000
SUMF2,Prot,#CC0000
SUOX,Prot,#CC0000
SUSD1,Prot,#CC0000
SUSD2,Prot,#CC0000
SUSD4,Prot,#CC0000
SUSD5,Prot,#CC0000
SV2A,Prot,#CC0000
SWAP70,Prot,#CC0000
SYAP1,Prot,#CC0000
SYT1,Prot,#CC0000
SYTL4,Prot,#CC0000
TAB2,Prot,#CC0000
TACC3,Prot,#CC0000
TADA3,Prot,#CC0000
TAFA5,Prot,#CC0000
TALDO1,Prot,#CC0000
TANK,Prot,#CC0000
TARBP2,Prot,#CC0000
TARS1,Prot,#CC0000
TAX1BP1,Prot,#CC0000
TBC1D17,Prot,#CC0000
TBC1D23,Prot,#CC0000
TBC1D5,Prot,#CC0000
TBCA,Prot,#CC0000
TBCB,Prot,#CC0000
TBCC,Prot,#CC0000
TBL1X,Prot,#CC0000
TCL1A,Prot,#CC0000
TCN1,Prot,#CC0000
TCN2,Prot,#CC0000
TCOF1,Prot,#CC0000
TCTN3,Prot,#CC0000
TDGF1,Prot,#CC0000
TDRKH,Prot,#CC0000
TEK,Prot,#CC0000
TERF1,Prot,#CC0000
TEX101,Prot,#CC0000
TF,Prot,#CC0000
TFF1,Prot,#CC0000
TFF2,Prot,#CC0000
TFPI,Prot,#CC0000
TFPI2,Prot,#CC0000
TFRC,Prot,#CC0000
TG,Prot,#CC0000
TGFA,Prot,#CC0000
TGFB1,Prot,#CC0000
TGFB2,Prot,#CC0000
TGFBI,Prot,#CC0000
TGFBR1,Prot,#CC0000
TGFBR2,Prot,#CC0000
TGFBR3,Prot,#CC0000
TGM2,Prot,#CC0000
TGOLN2,Prot,#CC0000
THBD,Prot,#CC0000
THBS2,Prot,#CC0000
THBS4,Prot,#CC0000
THOP1,Prot,#CC0000
THPO,Prot,#CC0000
THTPA,Prot,#CC0000
THY1,Prot,#CC0000
TIA1,Prot,#CC0000
TIGAR,Prot,#CC0000
TIGIT,Prot,#CC0000
TIMD4,Prot,#CC0000
TIMM10,Prot,#CC0000
TIMM8A,Prot,#CC0000
TIMP1,Prot,#CC0000
TIMP2,Prot,#CC0000
TIMP3,Prot,#CC0000
TIMP4,Prot,#CC0000
TINAGL1,Prot,#CC0000
TJAP1,Prot,#CC0000
TK1,Prot,#CC0000
TLR1,Prot,#CC0000
TLR2,Prot,#CC0000
TLR3,Prot,#CC0000
TLR4,Prot,#CC0000
TMCO5A,Prot,#CC0000
TMED1,Prot,#CC0000
TMED8,Prot,#CC0000
TMEM106A,Prot,#CC0000
TMEM132A,Prot,#CC0000
TMEM25,Prot,#CC0000
TMPRSS11D,Prot,#CC0000
TMPRSS15,Prot,#CC0000
TMPRSS5,Prot,#CC0000
TMSB10,Prot,#CC0000
TNC,Prot,#CC0000
TNF,Prot,#CC0000
TNFAIP2,Prot,#CC0000
TNFAIP8,Prot,#CC0000
TNFAIP8L2,Prot,#CC0000
TNFRSF10A,Prot,#CC0000
TNFRSF10B,Prot,#CC0000
TNFRSF10C,Prot,#CC0000
TNFRSF11A,Prot,#CC0000
TNFRSF11B,Prot,#CC0000
TNFRSF12A,Prot,#CC0000
TNFRSF13B,Prot,#CC0000
TNFRSF13C,Prot,#CC0000
TNFRSF14,Prot,#CC0000
TNFRSF17,Prot,#CC0000
TNFRSF19,Prot,#CC0000
TNFRSF1A,Prot,#CC0000
TNFRSF1B,Prot,#CC0000
TNFRSF21,Prot,#CC0000
TNFRSF4,Prot,#CC0000
TNFRSF6B,Prot,#CC0000
TNFRSF8,Prot,#CC0000
TNFRSF9,Prot,#CC0000
TNFSF10,Prot,#CC0000
TNFSF11,Prot,#CC0000
TNFSF12,Prot,#CC0000
TNFSF13,Prot,#CC0000
TNFSF13B,Prot,#CC0000
TNFSF14,Prot,#CC0000
TNFSF8,Prot,#CC0000
TNIP1,Prot,#CC0000
TNN,Prot,#CC0000
TNNI3,Prot,#CC0000
TNPO1,Prot,#CC0000
TNR,Prot,#CC0000
TNXB,Prot,#CC0000
TOMM20,Prot,#CC0000
TOP1,Prot,#CC0000
TOP2B,Prot,#CC0000
TOR1AIP1,Prot,#CC0000
TP53,Prot,#CC0000
TP53BP1,Prot,#CC0000
TP73,Prot,#CC0000
TPD52L2,Prot,#CC0000
TPK1,Prot,#CC0000
TPMT,Prot,#CC0000
TPP1,Prot,#CC0000
TPPP3,Prot,#CC0000
TPSAB1,Prot,#CC0000
TPSG1,Prot,#CC0000
TRAF2,Prot,#CC0000
TRAF3,Prot,#CC0000
TRDMT1,Prot,#CC0000
TREH,Prot,#CC0000
TREM2,Prot,#CC0000
TREML1,Prot,#CC0000
TREML2,Prot,#CC0000
TRIAP1,Prot,#CC0000
TRIM21,Prot,#CC0000
TRIM24,Prot,#CC0000
TRIM25,Prot,#CC0000
TRIM40,Prot,#CC0000
TRIM5,Prot,#CC0000
TRIM58,Prot,#CC0000
TSC22D1,Prot,#CC0000
TSHB,Prot,#CC0000
TSPAN8,Prot,#CC0000
TSPYL1,Prot,#CC0000
TST,Prot,#CC0000
TTF2,Prot,#CC0000
TTR,Prot,#CC0000
TWF2,Prot,#CC0000
TXLNA,Prot,#CC0000
TXN,Prot,#CC0000
TXNDC15,Prot,#CC0000
TXNDC5,Prot,#CC0000
TXNDC9,Prot,#CC0000
TXNRD1,Prot,#CC0000
TYMP,Prot,#CC0000
TYRO3,Prot,#CC0000
TYRP1,Prot,#CC0000
UBAC1,Prot,#CC0000
UBE2B,Prot,#CC0000
UBE2L6,Prot,#CC0000
UBXN1,Prot,#CC0000
UFD1,Prot,#CC0000
ULBP2,Prot,#CC0000
UMOD,Prot,#CC0000
UNC5D,Prot,#CC0000
UNG,Prot,#CC0000
UPB1,Prot,#CC0000
UROD,Prot,#CC0000
UROS,Prot,#CC0000
USO1,Prot,#CC0000
USP25,Prot,#CC0000
USP8,Prot,#CC0000
UXS1,Prot,#CC0000
VAMP8,Prot,#CC0000
VASH1,Prot,#CC0000
VASN,Prot,#CC0000
VASP,Prot,#CC0000
VAT1,Prot,#CC0000
VCAM1,Prot,#CC0000
VCAN,Prot,#CC0000
VEGFA,Prot,#CC0000
VEGFB,Prot,#CC0000
VEGFC,Prot,#CC0000
VEGFD,Prot,#CC0000
VGF,Prot,#CC0000
VIPR1,Prot,#CC0000
VIT,Prot,#CC0000
VMO1,Prot,#CC0000
VNN1,Prot,#CC0000
VNN2,Prot,#CC0000
VPS28,Prot,#CC0000
VPS37A,Prot,#CC0000
VPS4B,Prot,#CC0000
VPS53,Prot,#CC0000
VSIG10,Prot,#CC0000
VSIG2,Prot,#CC0000
VSIG4,Prot,#CC0000
VSIR,Prot,#CC0000
VSNL1,Prot,#CC0000
VSTM1,Prot,#CC0000
VTA1,Prot,#CC0000
VTCN1,Prot,#CC0000
VTI1A,Prot,#CC0000
VWA1,Prot,#CC0000
VWC2,Prot,#CC0000
VWF,Prot,#CC0000
WARS,Prot,#CC0000
WAS,Prot,#CC0000
WASF1,Prot,#CC0000
WASF3,Prot,#CC0000
WASHC3,Prot,#CC0000
WASL,Prot,#CC0000
WDR46,Prot,#CC0000
WFDC12,Prot,#CC0000
WFDC2,Prot,#CC0000
WFIKKN1,Prot,#CC0000
WFIKKN2,Prot,#CC0000
WIF1,Prot,#CC0000
WNT9A,Prot,#CC0000
WWP2,Prot,#CC0000
XCL1,Prot,#CC0000
XG,Prot,#CC0000
XIAP,Prot,#CC0000
XPNPEP2,Prot,#CC0000
XRCC4,Prot,#CC0000
YAP1,Prot,#CC0000
YARS1,Prot,#CC0000
YES1,Prot,#CC0000
YJU2,Prot,#CC0000
YTHDF3,Prot,#CC0000
YWHAQ,Prot,#CC0000
YY1,Prot,#CC0000
ZBTB16,Prot,#CC0000
ZBTB17,Prot,#CC0000
ZFYVE19,Prot,#CC0000
ZNRD2,Prot,#CC0000
ZNRF4,Prot,#CC0000
ZP3,Prot,#CC0000
Clinical_LDL_C,Metab,orange
VLDL_size,Metab,orange
LDL_size,Metab,orange
HDL_size,Metab,orange
Phosphoglyc,Metab,orange
Cholines,Metab,orange
Phosphatidylc,Metab,orange
Sphingomyelins,Metab,orange
ApoB,Metab,orange
ApoA1,Metab,orange
Unsaturation,Metab,orange
Omega_3,Metab,orange
Omega_6,Metab,orange
MUFA,Metab,orange
SFA,Metab,orange
LA,Metab,orange
DHA,Metab,orange
Ala,Metab,orange
Gln,Metab,orange
Gly,Metab,orange
His,Metab,orange
Ile,Metab,orange
Leu,Metab,orange
Val,Metab,orange
Phe,Metab,orange
Tyr,Metab,orange
Glucose,Metab,orange
Lactate,Metab,orange
Pyruvate,Metab,orange
Citrate,Metab,orange
bOHbutyrate,Metab,orange
Acetone,Metab,orange
Creatinine,Metab,orange
Albumin,Metab,orange
GlycA,Metab,orange
XXL_VLDL_P,Metab,orange
XXL_VLDL_CE,Metab,orange
XXL_VLDL_FC,Metab,orange
XL_VLDL_P,Metab,orange
XL_VLDL_CE,Metab,orange
XL_VLDL_FC,Metab,orange
XL_VLDL_TG,Metab,orange
L_VLDL_P,Metab,orange
L_VLDL_CE,Metab,orange
L_VLDL_FC,Metab,orange
L_VLDL_TG,Metab,orange
M_VLDL_P,Metab,orange
M_VLDL_PL,Metab,orange
M_VLDL_CE,Metab,orange
M_VLDL_FC,Metab,orange
M_VLDL_TG,Metab,orange
S_VLDL_P,Metab,orange
S_VLDL_PL,Metab,orange
S_VLDL_CE,Metab,orange
S_VLDL_FC,Metab,orange
S_VLDL_TG,Metab,orange
XS_VLDL_P,Metab,orange
XS_VLDL_PL,Metab,orange
XS_VLDL_CE,Metab,orange
XS_VLDL_FC,Metab,orange
XS_VLDL_TG,Metab,orange
IDL_P,Metab,orange
IDL_PL,Metab,orange
IDL_CE,Metab,orange
IDL_FC,Metab,orange
IDL_TG,Metab,orange
L_LDL_P,Metab,orange
L_LDL_PL,Metab,orange
L_LDL_CE,Metab,orange
L_LDL_FC,Metab,orange
L_LDL_TG,Metab,orange
M_LDL_P,Metab,orange
M_LDL_PL,Metab,orange
M_LDL_CE,Metab,orange
M_LDL_FC,Metab,orange
M_LDL_TG,Metab,orange
S_LDL_P,Metab,orange
S_LDL_PL,Metab,orange
S_LDL_CE,Metab,orange
S_LDL_FC,Metab,orange
S_LDL_TG,Metab,orange
XL_HDL_P,Metab,orange
XL_HDL_PL,Metab,orange
XL_HDL_CE,Metab,orange
XL_HDL_FC,Metab,orange
XL_HDL_TG,Metab,orange
L_HDL_P,Metab,orange
L_HDL_PL,Metab,orange
L_HDL_CE,Metab,orange
L_HDL_FC,Metab,orange
L_HDL_TG,Metab,orange
M_HDL_P,Metab,orange
M_HDL_PL,Metab,orange
M_HDL_CE,Metab,orange
M_HDL_FC,Metab,orange
M_HDL_TG,Metab,orange
S_HDL_P,Metab,orange
S_HDL_PL,Metab,orange
S_HDL_CE,Metab,orange
S_HDL_FC,Metab,orange
S_HDL_TG,Metab,orange
Acute Kidney Injury,Disease,darkorchid1
Pulmonary Embolism,Disease,darkorchid1
"Pacemaker, Artificial",Disease,darkorchid1
"Cardiomyopathy, Alcoholic",Risk Factor,lightblue
Amyloidosis,Risk Factor,lightblue
Aortic Aneurysm,Disease,darkorchid1
Neoplasms,Risk Factor,lightblue
Aortic Valve Stenosis,Disease,darkorchid1
"Anemia, Aplastic",Risk Factor,lightblue
Vascular Diseases,Risk Factor,lightblue
Atherosclerosis,Risk Factor,lightblue
Atrial Fibrillation,Disease,darkorchid1
Heart Block,Risk Factor,lightblue
"Body Mass Index, low",Risk Factor,lightblue
"Body Mass Index, medium",Risk Factor,lightblue
"Body Mass Index, high",Risk Factor,lightblue
Bradycardia,Risk Factor,lightblue
Heart Arrest,Disease,darkorchid1
"Cardiomyopathy, Drug-Induced",Risk Factor,lightblue
Cardiomyopathies,Risk Factor,lightblue
Cerebrovascular Disorders,Disease,darkorchid1
"Pulmonary Disease, Chronic Obstructive",Risk Factor,lightblue
Purpura,Risk Factor,lightblue
Congenital Abnormalities,Risk Factor,lightblue
"Blood Pressure, high",Risk Factor,lightblue
Venous Thrombosis,Risk Factor,lightblue
Diabetes Mellitus,Disease,darkorchid1
"Cardiomyopathy, Dilated",Disease,darkorchid1
Dyslipidemias,Disease,darkorchid1
Thyroid Diseases,Risk Factor,lightblue
"Educational Status, high",Risk Factor,lightblue
"Educational Status, low",Risk Factor,lightblue
"Educational Status, medium",Risk Factor,lightblue
"Employment, active",Risk Factor,lightblue
"Employment, inactive",Risk Factor,lightblue
"Employment, no",Risk Factor,lightblue
Endocardial Fibroelastosis,Risk Factor,lightblue
Endocarditis,Risk Factor,lightblue
Endomyocardial Fibrosis,Risk Factor,lightblue
"Heart Failure, Endstage",Disease,darkorchid1
"Kidney Failure, Chronic, Endstage",Disease,darkorchid1
"Ethnic, Asian",Risk Factor,lightblue
"Ethnic, Black",Risk Factor,lightblue
"Ethnic, Mixed",Risk Factor,lightblue
"Ethnic, Other",Risk Factor,lightblue
"Ethnic, White",Risk Factor,lightblue
"History, Mother, Diabetes",Risk Factor,lightblue
"History, Father, Diabetes",Risk Factor,lightblue
"History, Siblings, Diabetes",Risk Factor,lightblue
"History, Mother, Heart Diseases",Risk Factor,lightblue
"History, Father, Heart Diseases",Risk Factor,lightblue
"History, Siblings, Heart Diseases",Risk Factor,lightblue
"History, Mother, Stroke",Risk Factor,lightblue
"History, Father, Stroke",Risk Factor,lightblue
"History, Siblings, Stroke",Risk Factor,lightblue
Water-Electrolyte Imbalance,Risk Factor,lightblue
Hemoglobins,Risk Factor,lightblue
"Anemia, Hemolytic",Risk Factor,lightblue
Heart Failure,Disease,darkorchid1
Paraplegia,Risk Factor,lightblue
"Stroke, Hemorrhagic",Disease,darkorchid1
"Natriuretic Peptide, Brain, high",Risk Factor,lightblue
"Lipoproteins, high",Risk Factor,lightblue
"Leukocyte Count, high",Risk Factor,lightblue
HIV Infections,Risk Factor,lightblue
Hypertension,Disease,darkorchid1
Hyperthyroidism,Risk Factor,lightblue
"Cardiomyopathy, Hypertrophic",Risk Factor,lightblue
Hypotension,Risk Factor,lightblue
Hypothyroidism,Risk Factor,lightblue
"Socioeconomic Factors, low",Risk Factor,lightblue
"Socioeconomic Factors, middle",Risk Factor,lightblue
"Socioeconomic Factors, high",Risk Factor,lightblue
"Influenza, Human",Risk Factor,lightblue
Postoperative Complications,Risk Factor,lightblue
Coronary Disease,Disease,darkorchid1
Liver Diseases,Risk Factor,lightblue
Thrombocytopenia,Risk Factor,lightblue
"Leukopenia, low",Risk Factor,lightblue
"Ejection Fraction, middle",Risk Factor,lightblue
"Ejection Fraction, preserved",Risk Factor,lightblue
"Ejection Fraction, reduced",Risk Factor,lightblue
Hematologic Neoplasms,Risk Factor,lightblue
Marital Status,Risk Factor,lightblue
Social Environment,Risk Factor,lightblue
Mental Disorders,Risk Factor,lightblue
Neoplasm Metastasis,Risk Factor,lightblue
Anemia,Risk Factor,lightblue
Mitral Valve Insufficiency,Disease,darkorchid1
Myocarditis,Risk Factor,lightblue
Nervous System Diseases,Risk Factor,lightblue
"Anemia, Nutritional",Risk Factor,lightblue
"Pulmonary Disease, Obstructive",Risk Factor,lightblue
Heart Conduction System,Risk Factor,lightblue
Heart Diseases,Risk Factor,lightblue
Peripheral Vascular Diseases,Disease,darkorchid1
"Cardiomyopathy, Restrictive",Risk Factor,lightblue
Peptic Ulcer,Risk Factor,lightblue
Pericarditis,Risk Factor,lightblue
Pneumonia,Risk Factor,lightblue
Pre diabetic State,Risk Factor,lightblue
Pregnancy Complications,Risk Factor,lightblue
"Kidney Diseases, Chronic, stage 1",Risk Factor,lightblue
"Kidney Diseases, Chronic, stage 2",Risk Factor,lightblue
"Kidney Diseases, Chronic, Stage 3",Disease,darkorchid1
"Kidney Diseases, Chronic, Stage 4",Disease,darkorchid1
"Kidney Diseases, Chronic, Stage 5",Disease,darkorchid1
Rheumatic Diseases,Risk Factor,lightblue
Rheumatic Heart Disease,Risk Factor,lightblue
"Hypertension, Secondary",Risk Factor,lightblue
Sepsis,Risk Factor,lightblue
"Anemia, severe",Risk Factor,lightblue
Lung Diseases,Risk Factor,lightblue
Female,Risk Factor,lightblue
Male,Risk Factor,lightblue
Smoking,Risk Factor,lightblue
"Smoking, no",Risk Factor,lightblue
Tachycardia,Risk Factor,lightblue
Tricuspid Valve Insufficiency,Disease,darkorchid1
Urinary Tract Infections,Risk Factor,lightblue
"Tachycardia, Ventricular",Disease,darkorchid1
